Agent,Bug_Debt_Hours,Code_Smell_Debt_Hours,Vulnerability_Debt_Hours,Security_Hotspot_Debt_Hours,Total_Debt_Hours,Bug_Pct,Code_Smell_Pct,Vulnerability_Pct,Security_Hotspot_Pct
Claude_Code,0.16666666666666666,8.333333333333334,0.0,0.0,8.5,1.9607843137254901,98.03921568627452,0.0,0.0
Copilot,0.0,50.33333333333333,0.0,0.0,50.33333333333333,0.0,100.0,0.0,0.0
Cursor,0.0,0.0,0.0,0.0,0.0,0.0,0.0,0.0,0.0
Devin,0.18333333333333332,5.133333333333334,0.0,0.0,5.316666666666667,3.448275862068965,96.55172413793103,0.0,0.0
OpenAI_Codex,0.7833333333333333,13.683333333333334,0.0,0.0,14.466666666666667,5.414746543778802,94.5852534562212,0.0,0.0
