Agent,N_PRs,PRs_with_Debt,Total_Debt_Hours,Mean_Hours,Median_Hours,Std_Dev,Min,Q1,Q3,Max
Claude_Code,30,14,8.5,0.2833333333333333,0.0,0.67130569861738,0.0,0.0,0.2875,2.6666666666666665
Copilot,212,30,50.33333333333333,0.23742138364779872,0.0,1.2175494240065394,0.0,0.0,0.0,11.3
Cursor,40,0,0.0,0.0,0.0,0.0,0.0,0.0,0.0,0.0
Devin,95,18,5.316666666666667,0.05596491228070176,0.0,0.1530408053999219,0.0,0.0,0.0,0.9
OpenAI_Codex,1007,40,14.466666666666667,0.014366103939093015,0.0,0.10928029980799091,0.0,0.0,0.0,1.8333333333333333
