,Claude_Code,Copilot,Cursor,Devin,OpenAI_Codex
Claude_Code,1.0,4.112846818767543e-09,2.219466763017545e-12,4.83531082684666e-06,2.132241858723484e-17
Copilot,4.112846818767543e-09,1.0,0.013520825161327774,1.0,1.0331498058793312e-06
Cursor,2.219466763017545e-12,0.013520825161327774,1.0,0.0014069889753782036,1.0
Devin,4.83531082684666e-06,1.0,0.0014069889753782036,1.0,1.2610255867842853e-06
OpenAI_Codex,2.132241858723484e-17,1.0331498058793312e-06,1.0,1.2610255867842853e-06,1.0
